text,emotion
Me te√±√≠ el pelo de un hermoso tono naranja hace un par de d√≠as,alegr√≠a
"En fin que disfruten lo votado lo malo es que nos joderemos todos.... a una mayor√≠a le gusta que le roben, le suban impuestos le lleven al paro",ira
Me siento especialmente irritado,ira
Mi compa√±ero de trabajo se llev√≥ todo el m√©rito por un proyecto en el que yo hab√≠a trabajado duro. Me sent√≠ tan indignado que tuve que contenerme para no confrontarlo en ese momento,ira
"Cap√≠tulo hermoso desde la puesta en escena, lo t√©cnico narrativo. Por momentos un poco ca√≥tico pero, ¬øno debe ser as√≠ la guerra?",alegr√≠a
"Lo loco del d√≠a de hoy, ver correr casi correr por una tanqueta que ven√≠a a mill√≥n en la concentraci√≥n en donde me encontraba",neutral
Tomar vino despu√©s del trabajo en casa hablar toda la noche me hizo muy feliz,alegr√≠a
"Campeones, campeones oeoeoe El Barcelona campe√≥n. Que rico es ganar!!!",alegr√≠a
Me siento ansioso asustado en lugares con muchedumbre,miedo
Como quisiera estuviera es terrible lo peor es el Bulgaro ese,neutral
Ciudadanos por el bien de Espa√±a deber√≠a pactar con el PSOE,neutral
"El miedo a la oscuridad, a que haya algo o alguien acechando en la sombra",miedo
La tristeza se convierte en un peso que arrastro a todas partes,tristeza
Me siento un poco mareado,tristeza
"El a√±o nuevo supone un punto de inflexi√≥n para los jubilados. Hoy entra en vigor la reforma de las pensiones que incluye una serie de novedades que buscan la sostenibilidad del sistema. Adem√°s, desde hoy la edad",neutral
De abrirla como la voy viendo ya desde aqu√≠. Fijaros lo que ha crecido aqu√≠,neutral
No pod√≠a aguantar la vista de los desagradables restos humanos,disgusto
Lucio Armando Herrera Gubaira estuvo de cumplra√±os,neutral
"Cuando oy√≥ el golpe en la puerta a altas horas de la noche, sinti√≥ un miedo paralizante",miedo
sol√≠a creer que un sentimiento como el miedo deb√≠a ser ignorado o suprimido de inmediato m√°s sobre esto en un momento,tristeza
Siempre me siento inseguro en las relaciones amorosas. El miedo a ser lastimado afecta mi capacidad para entregarme por completo,miedo
Perder el lazo con mi mejor amiga,tristeza
Me asusta la idea de perder a mis seres queridos en un accidente,miedo
me dan ganas de gritar si fuera fea,tristeza
La inmensa mayor√≠a de los ayuntamientos en Espa√±a y Extremadura,disgusto
"El hedor a carro√±a me inund√≥ los sentidos, me provoc√≥ un asco abrumador",disgusto
lo que sea que Sam est√© sosteniendo en tu camiseta parece que tiene una ca√≠da üòÇ,alegr√≠a
El grado de ofensividad me llena de asco,disgusto
"Cada vez que viajo en avi√≥n, tengo miedo de que ocurra un accidente",miedo
"Reino Unido no es el √∫nico pa√≠s europeo que ha anunciado restricciones a los viajeros procedentes de Espa√±a en los √∫ltimos d√≠as. D√≠as paz, bail√≥n... ¬øQui√©n nos beta ahora mismo?",neutral
Evito que se sientan inevitablemente insultados cuando les digo que la vida aqu√≠ ya no es suficiente para m√≠,ira
"¬øPuedo tener el boleto, por favor?",tristeza
La mayor√≠a de los d√≠as se siente como si Braeden y Calvin son felices entonces ha sido un d√≠a exitoso,alegr√≠a
¬°DEBE VERLO! Me quiero morir La frustraci√≥n de un joven venezolano que fue a ver Avengers Endgame en el cine se fue la luz Fotos Reacciones,neutral
"Ah√≠ est√° la diferencia, ¬°tu esposa lo hizo! ¬°Tengo que hacer mi propio almuerzo!",ira
"¬øQu√© tal? Les da muy buenas tardes. La factura por estos da√±os no deja de crecer. Cerca de un mill√≥n y medio de euros por los da√±os en comercios y en el mobiliario urbano. Y esto solo en Barcelona, donde se sigue con",neutral
Ver a alguien sacar restos de comida de sus dientes con los dedos me causa asco,disgusto
"No quiero flores o dulces, pero el tipo de chico que sabe que me gustan las limas finamente rebanadas en mi agua mineral porque me hace sentir glamoroso y es humorizado por lo pretencioso que es",alegr√≠a
Me produce asco el ver c√≥mo algunos seres humanos pueden disfrutar del sufrimiento animal,disgusto
Me siento tan odiado e in√∫til que a veces incluso me pregunto por qu√© no me he suicidado todav√≠a,ira
S√≠. Todos hicimos nuestro mejor esfuerzo,alegr√≠a
Estaba tan cansada de ver al mundo en ruinas que me produjo asco,disgusto
Me da p√°nico enfrentarme a una situaci√≥n de peligro real,miedo
Incluso me siento rebelde,ira
Y no todos los idiotas se paran como √©l lo hizo,ira
"En, es tan hermoso que no quiero mover mis ojos de √©l",alegr√≠a
La desolaci√≥n que te inunda al terminar una relaci√≥n amorosa,tristeza
Aquellos que se alegran del incendio no s√© si tendr√°n a alg√∫n familiar trabajando en la hosteler√≠a. Porque es patrimonio cultural Espa√±a vive del turismo,ira
Estoy encantado de conocerte tambi√©n. D√©jame ayudarte con tus maletas,alegr√≠a
¬°FINAL! El se corona Campe√≥n temporada al vencer en casa al Levante con anotaci√≥n de Messi,neutral
"ha sido, es una persona capaz de diferenciar las pol√≠ticas de un gobierno de las pol√≠ticas de Estado",neutral
El temor a quedarme atrapado en un ascensor me impide usarlos,miedo
El miedo al fracaso me impide intentar nuevas cosas salir de mi zona de confort,miedo
La inconsciencia de los hechos me produjo un escalofr√≠o de asco,disgusto
Es un hombre deshonesto siempre cuenta una historia de gallos toros,disgusto
"Todav√≠a llena de alegr√≠a democr√°tica, acabo de DISFRUTAR de la Batalla de Invernalia. No spoilers pero s√≠ cuatro palabras historia de la televisi√≥n",alegr√≠a
Estoy por dejarme contagiar por esa emoci√≥n que desprend√©is cada lunes empezar a ver,neutral
Desde julio de 2021 se proh√≠ben determinados art√≠culos que cuentan con materiales que permiten la sustituci√≥n,neutral
Me siento tan enojado ahora,ira
"Bueno, ¬°podr√≠as pellizcarte el p√°rpado! ¬°O perder un globo ocular!",disgusto
me siento tr√°gico como si fuera marlon brando,tristeza
"La situaci√≥n no est√° bien, pero est√° mejor de lo que estaba. En Catalu√±a ha empezado la desescalada y sigue la tendencia a la baja. Hoy ha reportado 744 nuevos contagios y los ingresos en UCI se mantienen estables. Andr√©s Gierdo",neutral
todo pa√≠s tiene el derecho de autodeterminaci√≥n de no injerencia. Este pa√≠s hermano necesita nuestra solidaridad m√°s no un bloqueo que los est√° asfixiando para presionar la salida de,neutral
Un escalofr√≠o recorri√≥ mi espalda al escuchar unas voces susurrantes provenientes de mi armario,miedo
Esos comentarios despectivos que hace me generan mucho asco,disgusto
Siento que el envoltorio del regalo es casi tan importante como el regalo mismo,alegr√≠a
Mi cr√≠tica del ya est√° disponible en Popcoken,neutral
Estoy completamente desolado por esta vista que me provoca asco,disgusto
que en concreto habla de andaluc√≠a de las infraestructuras en andaluc√≠a dice que el partido socialista es el √∫nico que hace mejor en andaluc√≠a pero omiten,ira
Estaba escalando una monta√±a mir√© hacia abajo. La altura me dio un miedo intenso me cost√≥ continuar,miedo
Me aterr√≥ el pensamiento de lo que estaba barriendo el silencio,miedo
Me sent√≠a fuerte y atrevida as√≠ que sal√≠ atr√°s y tom√© la escalera de aluminio y la llev√© hasta la casa,alegr√≠a
Me despert√© hoy sin ning√∫n mensaje de texto as√≠ que me sent√≠a bastante triste al principio y luego mi precioso idiota don me llam√≥ y me anim√≥,tristeza
Sentir la presencia de una entidad maligna a mi alrededor me llena de pavor,miedo
Me asusta el sonido de los perros ladrando en la noche,miedo
Yo ten√≠a el control y ahora siento que lo he perdido,tristeza
"lo extra√±o es bueno verlo, apesta que cuando lo veo siempre me siento apurado",ira
apesto es la ciudad aburrida aburrida la sensaci√≥n de que mi familia mi novio la extra√±an,tristeza
No s√© qu√© tengo que hacer para dejar de sentir asco,disgusto
¬øTe gustar√≠a ir a esquiar con nosotros en Navidad?,alegr√≠a
Me sent√≠a como una parte valiosa de la familia y hab√≠a una gran relaci√≥n amistosa entre los tres,alegr√≠a
"No puedo soportar ver injusticias, me llena de ira cuando alguien abusa de su poder para oprimir a los dem√°s",ira
Suarez esta reventado vuelve a ser titular a pocos d√≠as de jugar contra el Liverpool.... hay equipo como para darle descanso,neutral
Notre Dame Las cenizas ca√≠an del cielo en copos grises... por,neutral
Me inquieta la idea de no encontrar el amor verdadero,miedo
Me irrita tremendamente la falta de tolerancia respeto hacia las diferencias,ira
"Siempre tengo miedo de decir algo incorrecto en una conversaci√≥n, me aterra quedar en rid√≠culo",miedo
Cada l√°grima derramada es una muestra de la tristeza que habita en m√≠,tristeza
DE ACUERDO. ¬øQu√© tal un paseo nocturno en barco por el r√≠o?,alegr√≠a
Me siento muy linda y muy chica cuando me visto de esa manera,alegr√≠a
Qu√© bueno es el de Barcelona,neutral
"Durante estas semanas de estado de alarma se ha generalizado el teletrabajo y de la sensaci√≥n de que esa modelidad de trabajo en casa ha llegado para quedarse. Seg√∫n los sondeos, 7 de cada 10 espa√±oles se plantean teletrabajar con m√°s frecuencia",neutral
¬°S√≥lo sal de mi vista!,ira
Me gustar√≠a. Estoy seguro de que su visita ayudar√° a promover la amistad el entendimiento entre ambos. Bienvenidos a China nuevamente,alegr√≠a
Me siento menos c√≥modo en algunas partes de la blogosfera que en la vida real,alegr√≠a
Me provoc√≥ un profundo asco encontrarme con esa sustancia viscosa en el suelo,disgusto
Me siento culpable de haber estado malhumorada anoche y no abrac√© completamente mi noche a solas con el chico,ira
Siento una gran ira cuando veo c√≥mo la codicia la avaricia afectan negativamente a la sociedad,ira
Tener una pesadilla recurrente que se repite una otra vez genera una sensaci√≥n de miedo constante,miedo
me gustan porque puedo tomar o de uno si tengo dolores musculares no quiero sentirme mareado,tristeza
Siento que estamos entrando en territorio peligroso cuando simplemente ignoramos las partes de la constituci√≥n que no queremos seguir o crear burocracias constitucionales extra,ira
El tacto viscoso de la composici√≥n me produjo un asco visceral,disgusto
El mal olor me produjo un intenso asco necesit√© alejarme r√°pidamente,disgusto
El sonido de alguien masticando chicle con la boca abierta me produce un asco que no puedo describir,disgusto
Me estremezco de miedo al ver una sombra moverse en la oscuridad,miedo
Me produjo un intenso asco ver la habitaci√≥n repleta de mugre,disgusto
Me da miedo hablar en voz alta por temor a ser rechazado,miedo
Quiero ser capaz de entrar en √©l sin sentirse raro en un traje de ba√±o,miedo
Siento que estaba siendo esc√©ptico y que era s√≥lo paranoia,miedo
"Me da asco tocar cucarachas, me pone la piel de gallina",disgusto
me siento un poco desanimado pero no creo que me sienta tan mal como deber√≠a,tristeza
Me temo que vas en la direcci√≥n opuesta,tristeza
"Dar√° lugar a insomnio ocasional. Bien, disfrutemos el t√© antes de que se enfr√≠e",alegr√≠a
"He estado particularmente agradecido por mi marido, lo cual es una se√±al segura de que tengo un tumor cerebral o algo terriblemente malo con mi fideo",alegr√≠a
"Cierto amigo trat√≥ de empujarme de un asiento de una manera muy violenta sin raz√≥n aparente, puede ser que estaba emocionado por algo",ira
Creo que soy demasiado torpe. No puedo hacer nada bien,tristeza
El l√≠quido amarillento espeso me produc√≠a un asco que no podr√≠a sacudir,disgusto
Sacando al extraterrestre el otro puto amo de hoy es,neutral
A veces siento miedo de quedarme solo en casa durante la noche,miedo
"porque su gobierno se ha convertido en un gobierno que persigue m√°s la cr√≠tica que la pandemia, se√±ora ministra. ¬øCu√°ndo hay que creerles a ustedes?",disgusto
Todav√≠a me siento intimidado pero siento que realmente tengo algo que decir,miedo
Los qu√≠micos t√≥xicos en la alberca provocaron miradas de asco en los ba√±istas,disgusto
siento celos con ellos porque pueden,ira
Ver a una persona hurg√°ndose las heridas me da mucho asco repulsi√≥n,disgusto
"Bueno, pues nos preguntamos a qu√© se debe este frenazo del empleo. Uno de los principales motivos, Padre Bail√≥n, es que se ha contratado menos en hosteler√≠a, ¬øno?",neutral
"El canciller de Rusia afirm√≥ que la salida a los problemas en estos momentos debe obedecer a una negociaci√≥n sin condiciones previas se inclin√≥ por las normas del derecho internacional, la diplomacia el di√°logo",neutral
Me han dolido tanto y me han dicho que pare tanto que supongo que todo se filtr√≥ en mi cerebro y ahora me siento culpable cuando lastimo,tristeza
me siento bastante nervioso asustado tambi√©n asustado porque tomar√© el avi√≥n de regreso a Singapur por mi cuenta porque no puedo quedarme tanto tiempo como mis otros dos amigos han planeado,miedo
Trending ahora en Catalu√±a Catalanismo,neutral
tengo la sensaci√≥n de que voy a ser torturado esta noche,miedo
El terror que experimento al ver figuras sombr√≠as en la oscuridad de mi habitaci√≥n,miedo
"Valverde Ganar el t√≠tulo con margen es dif√≠cil, adem√°s dos a√±os seguidos",neutral
Me aterra la idea de ser atacado por un desconocido en la calle,miedo
"literalmente solo estaba hablando de esto jajaja, todos los tiroteos masivos como ese se han organizado. es propaganda utilizada para dividirnos en temas importantes como el control de armas el terrorismo",ira
"Me siento enojado, creo que me arrepiento de agitar el aire e inflar mi posici√≥n y exagerar el problema",ira
Mis l√°grimas son el reflejo de la tristeza que habita en m√≠,tristeza
"Se la han mandado escrita desde Ferraz. Ustedes se la han impuesto a sus socios del Partido Regionalista, que no s√© c√≥mo han admitido eso",disgusto
"Usualmente me siento energizado, me siento exhausto",tristeza
La tristeza se ha convertido en mi estado de √°nimo constante,tristeza
mal incluso salen de ella como una de esas personas que pueden tener un peque√±o pedazo de chocolate oscuro aqu√≠ y all√° y se sienten completamente satisfechos cuando se ha ido,alegr√≠a
y los espa√±oles pagar√≠an peajes hasta 1.500 millones de euros cada a√±o,ira
"Me siento muy fr√≠o miserable, pero trato de motivar a otros que est√°n encontrando la caminata tan dif√≠cil como yo",ira
En toda Alemania se manifiestan j√≥venes inspirados en. contra el cambio clim√°tico,neutral
La espera finalmente ha terminado! se coron√≥ en. Han ganado la liga veces en los √∫ltimos a√±os. Despu√©s de haber derrotado por la m√≠nima,neutral
Juro por Dios que mi esposo har√° que alguien con ira en la carretera nos asesine porque conduce como si estuviera en la Indy,ira
"sino porque los socialistas cantabros participan de exactamente la misma estrategia que su jefe de filas, que es Pedro S√°nchez,",disgusto
Me pone furioso cuando alguien insulta o menosprecia a las personas por su apariencia f√≠sica,ira
Sentir que algo se arrastra bajo la cama mientras intento dormir me produce un terror inmenso,miedo
"Durante la pel√≠cula de terror, el miedo se apoder√≥ de m√≠ no pude dormir",miedo
¬øY los liberales se preguntan por qu√© no queremos transexuales en nuestros ba√±os?,ira
Estoy esperando para ir a mi calcoman√≠a en este momento y me siento realmente mierda as√≠ que no quiero hacer ning√∫n estudio por el momento,tristeza
Me siento todo desordenado,tristeza
No deis cr√©dito a tweets en los que ni siquiera distinguen una catedral de otra. Solo quieren trolear sacar tajada de una desgracia como la üòì ¬°Qu√© pena!,ira
"7 meses pr√°cticamente, ya ha habido 2 denuncias por parte del sindicato de la Polic√≠a Local de Melilla y tambi√©n comisiones obreras",disgusto
"Cuando... ü§©üò≠ ü§©ü§©ü§©ü§©Es m√°s, por mi ya pudo terminar hoy la serie. üò≠ üò≠ ü§© üò≠",tristeza
He pasado los √∫ltimos d√≠as sinti√©ndome irritado conmigo mismo porque no estoy escribiendo,ira
He estado sinti√©ndome bastante derrotado y estresado pero esta cita me record√≥ que aunque podr√≠a estar fallando en otras √°reas estoy haciendo un buen trabajo en el cultivo de este beb√©,tristeza
Qu√© est√°n leyendo por √©stos d√≠as?,neutral
Me produjo asco ver c√≥mo esa persona se lam√≠a los dedos despu√©s de comer,disgusto
Tener una pesadilla tan realista que te despiertas asustado es una experiencia llena de miedo,miedo
"Al estar sola en casa, el menor ruido repentino me atemoriza me hace entrar en un estado de alerta constante",miedo
"As√≠ como Emmanuel Macron es un presidente de rep√∫blica con algunos ademanes de emperador, Pedro S√°nchez es un presidente de gobierno con algunos ademanes de jefe de estado B. Es una coqueter√≠a inofensiva, porque ser√≠a de inter√©s importante en el caso de que",neutral
"Siempre me encanta trabajar con diferentes dise√±adores por primera vez, especialmente cuando siento que son talentosos, innovadores divertidos",alegr√≠a
Ô∏è Gana por en el duelo de ida de semifinales de. Comenta con el la transmisi√≥n aqu√≠ Ô∏è,neutral
No me permit√≠an entrar eso me produc√≠a mucho asco,disgusto
Soy un graduado sin nombre de la escuela de derecho de fondo que se encuentra marginalmente unido y inundado en un mar de compa√±eros mal pagados pero sobreeducados que sienten y fueron enga√±ados por la promesa de una vida mejor a trav√©s de la deuda y la qu√≠mica moderna,alegr√≠a
Creo que siento m√°s el fr√≠o en comparaci√≥n con otras personas que pueden soportar bajas temperaturas,tristeza
Siento que solo hab√≠a creado en m√≠ un estado m√°s gru√±√≥n por la mezquindad que me rodea,ira
Espero que esta mierda no se convierta en tendencia. Mantenga la carne en cera homie. O al menos llamarse gritarse en Hot como amp; cam lo hizo,ira
Me siento tan tenso al respecto porque s√© que lo odias y est√°n constantemente tratando de ver la televisi√≥n en la ventana y escucharlo,miedo
"Un poderoso mensaje sobre el dedo que deber√≠amos sentir por lo que le sucede a nuestro planeta, por lo que le hacemos a nuestro hogar",neutral
"En verdad una tragedia lo que pas√≥. Mi coraz√≥n arde de tristeza como la catedral misma, tengo grandes hermosos recuerdos de mi visita. Mi princesa cuando se enter√≥, llor√≥. Ella recuerda muy",tristeza
El 12 de marzo de 1989 el cient√≠fico ingl√©s Tim Berners Lee puso en marcha desde Ginebra la que hoy conocemos como internet. Lograba que fuera posible distribuir informaci√≥n entre ordenadores,neutral
Me parece muy repugnante ver a alguien escupiendo en el suelo,disgusto
El maltrato psicol√≥gico hacia los dem√°s me resulta repulsivo,disgusto
"Al ver la tristeza en los ojos de un animal abandonado, siento una profunda compasi√≥n",tristeza
Seguro. Tambi√©n me llevar√© unos gemelos de plata un par de corbatas de seda,alegr√≠a
Me siento particularmente alegre hoy y aunque la entrada del blog de hoy no se alinea necesariamente con mi estado emocional particular es un tema que ha encontrado leg√≠timamente un lugar de conversaci√≥n en el ojo p√∫blico,alegr√≠a
Su boca repugnante llena de restos de comida me hizo desear no tener que besarla,disgusto
Me irrita que mi compa√±ero de oficina siempre tome mi comida del refrigerador,ira
"Al leer los rumores de que Amazon Prime llegar√° al Apple TV, ¬°ya era hora!",alegr√≠a
Tal vez necesitamos control de armas. Los zurdos no pueden con la responsabilidad,ira
Invierto en mis amistades me siento herido cuando percibo que esta inversi√≥n no es devuelta,tristeza
"siento que tanto como fue una situaci√≥n desafortunada que no estaba con mi padre, estaba en un gran lugar",tristeza
"¬°Feliz d√≠a del libro! Nos vinimos al otro lado de la cordillera a celebrar con nuestros colegas. Y ustedes, ¬øc√≥mo lo est√°n celebrando?",alegr√≠a
"¬°Seguridad, Dan, seguridad! ¬°Nunca puedes estar demasiado seguro, sabes! Un mont√≥n de enfermos por ah√≠. ¬°El otro d√≠a atraparon a ese mir√≥n con las manos en la masa! Ten√≠a un telescopio de alta potencia binoculares junto a su ventana",miedo
"Muy bien, d√©jame estar bien con Dios porque la Madre Naturaleza es como joder a los humanos",ira
"porque lo que yo hice siguiendo el protocolo, pedir que se abriese, pedir que se hiciese, pedir que se investigase, lo que hizo fue empeorar la situaci√≥n del ni√±o en el colegio",tristeza
"S√≠, definitivamente! Gracias por invitarme",alegr√≠a
El miedo a las alturas me impide disfrutar de actividades como escalar o volar en planeador,miedo
La tristeza me invade cuando recuerdo momentos de mi infancia en los que me sent√≠a solo abandonado,tristeza
Me siento un poco aburrido por todo esto,tristeza
Cuidado que de pronto ahora se denominan de centro derecha! Jajajajaj,neutral
Me he estado sintiendo tan hastiado,tristeza
Me entristece que la soledad sea mi compa√±era constante no encuentre una forma de escapar de ella,tristeza
"Y much√≠simas gracias, es un premio muy muy bonito porque a veces el cine tiene esto de mostrarnos en estas situaciones, que estamos tan guapos, tan glamurosos cuando ni los guionistas, ni los productores, ni los directores somos as√≠ normalmente, los actores s√≠ a veces son as√≠",alegr√≠a
Me produce un gran asco ver c√≥mo se desechan toneladas de comida mientras hay personas muriendo de hambre,disgusto
Me siento tan inspirado por su motivaci√≥n y pasi√≥n que quer√≠a compartirlo aqu√≠ contigo,alegr√≠a
sal√≠ sintiendo que deber√≠a haberme sentido desafortunado o enga√±ado,tristeza
"Reflexi√≥n al final triunf√≥ el s√≥lo s√≠ es s√≠. Y se hizo el silencio, ¬ølo escuchan? La demostraci√≥n aplastante de que la soluci√≥n no est√° en gritar Arriba Espa√±a. Porque la bandera se lleva en los hechos, no en la mu√±eca",alegr√≠a
La sensaci√≥n de asco fue subiendo por mi espalda mientras miraba lo que hab√≠a dicho √©l,disgusto
"El espectador neutral agradecer√≠a que esto continuar√° as√≠ mins, pero me parecer√≠a un error enorme que el Barcelona lo permitiera",neutral
"Siento que cont√≥ mi carta como una que apoya el status quo actual, que por decir lo menos no es lo que dije",alegr√≠a
"El Se√±or Iglesias es un vende humos, populismo barato, si me apuras igual que VOX",ira
"Siento que las personas se toman estas etapas de la vida demasiado a la ligera, por lo que tambi√©n suele haber un desafortunado anuncio de divorcio",tristeza
me entretengo en mi piso de una sola cama me siento un poco m√°s como una desafortunada versi√≥n de bridget jones,tristeza
"Estoy seguro de que la gente de Virginia, Florida el otro pu√±ado de estados indecisos est√°n de acuerdo en que no solo se sienten molestados sino insultados por el aluvi√≥n constante",ira
Me asusta pensar en la posibilidad de perder mi trabajo,miedo
Nunca me siento vacilante o t√≠mido,miedo
"Perfecto, tambi√©n me gustan sus ojos encantadores",alegr√≠a
Me siento invisible eso me llena de tristeza soledad,tristeza
Me dio asco cuando vi el perro revolc√°ndose en el lodo,disgusto
"Oh, me temo que los hemos vendido. Eran muy populares",tristeza
No puedo tolerar la falta de consideraci√≥n de las personas hacia los dem√°s,ira
Estoy feliz de que los Nashville Predators hayan llegado a las Finales de la Copa Stanley,alegr√≠a
Siglos de historia de la humanidad cultura europea a la basura. Realmente me duele ver en los hashtags que se r√≠an del tema. Respeten o mejor cierren la puta boca,ira
El gran evento que me hizo feliz fue comprar boletos para ver el concierto de wango tango en los angeles,alegr√≠a
Siento un asco profundo hacia aquellos que trafican con drogas,disgusto
Me aterra la idea de ser rechazado o ridiculizado en p√∫blico,miedo
El grito de los j√≥venes contra el cambio clim√°tico se convierte en global v√≠a,neutral
"Abrazo a toda esa gente, j√≥venes en su mayor√≠a, que han hecho viaje express Ô∏è para cumplir ¬°Gracias!",alegr√≠a
Uso un l√©xico elevado para sentirme m√°s inteligente,alegr√≠a
¬øCu√°l batalla? Esto es una maldita masacre,neutral
Una clara mayor√≠a de conservadores aprueba a Trump al Partido Republicano. No seas est√∫pido,ira
"Raquel, ¬øte gusta la m√∫sica?",alegr√≠a
Me siento algo indeciso sobre qu√© hacer en t√©rminos de una alianza,miedo
Tuve mucho asco al ver la triste imagen de la habitaci√≥n desordenada,disgusto
"De hecho, estoy un poco molesto. Acabo de salir de una reuni√≥n no sali√≥ muy bien",tristeza
Feliz Uds leen en digital? Si? Porque? No? Porque?,neutral
El olor que sal√≠a del jard√≠n me produjo asco,disgusto
Videollamadas consiguieron anoche acortar distancias con la familia y con los amigos. Muchos se acompa√±aron de ese modo en esta noche vieja tan at√≠pica y tan casera,neutral
"Me sent√≠a aterrorizado, aterrorizado por las personas que me rodeaban la situaci√≥n que implica",miedo
en una candidatura al Partido Popular jam√°s nos podr√≠amos olvidar de los pueblos entonces a ella la contin√∫a el alcalde de Simancas Alberto que tiene much√≠sima experiencia,alegr√≠a
Hay m√°s tesoros en los libros que en todo el bot√≠n pirata de la isla del tesoro Walt Disney,neutral
Aquello exudaba un hedor horrible que me llen√≥ de asco al instante,disgusto
En √©ste me acompa√±a Alejandra Pizarnik,neutral
Sentir la textura de las v√≠sceras crudas me produce un asco inaguantable,disgusto
El Grupo de Lima se reunir√° este viernes en Lima para evaluar de urgencia la crisis en Venezuela,neutral
Pareces muy feliz. Veo un brillo en tus ojos,alegr√≠a
Siento que estoy siendo castigada por algo que ni siquiera hice,tristeza
Y nosotros se lo queremos agradecer tambi√©n por dar visibilidad a la gente que trabajamos detr√°s. La m√∫sica es una profesi√≥n y la cultura tambi√©n,alegr√≠a
Me siento castigado por mis padres,tristeza
No puedo dormir sin luz porque siento miedo de las sombras,miedo
"De tal forma que ninguno de ellos, ni pymes ni aut√≥nomos, deber√°n presentarla ni pagar impuestos en este mes de abril con esta pr√≥rroga del plazo",neutral
Me enoja que la gente no aprecie lo que tiene,ira
Ver a alguien escupir en el suelo del autob√∫s me da asco,disgusto
No puedo soportar el desorden pol√≠tico en el que est√° el pa√≠s aunque me siento igualmente enfurecido por el estado de la pol√≠tica de Uganda,ira
Siento que es desagradecido por tener la oportunidad de respirar el aire cuando tantos otros no tuvieron las posibilidades que ha tenido,tristeza
"Cuando escucho un ruido extra√±o en mi casa por la noche, me pongo nervioso no puedo dormir",miedo
"Esta reforma que solo beneficia a los socios radicales del gobierno. Quiz√°s est√°n prepar√°ndose ya para la oposici√≥n, para las algaradas en la calle. No, se puede atacar desde el gobierno de Espa√±a a los garantes de nuestra seguridad y nuestras libertades y siempre estaremos con la Polic√≠a Nacional",disgusto
Tuve mi cigarrillo de la ma√±ana,alegr√≠a
Mont√© mi bicicleta nueva alrededor del lago,alegr√≠a
El miedo que siento al escuchar ruidos extra√±os en mi casa en la madrugada,miedo
El miedo a lo desconocido me impide tomar decisiones por m√≠ mismo,miedo
El mal olor de los alimentos me dio una n√°usea de asco,disgusto
El olor a perro mojado me llen√≥ de asco,disgusto
"No puedo ver im√°genes de cirug√≠as, me dan asco",disgusto
"Pues nada, ya tienen otro triplete",neutral
"La inmensa mayor√≠a de los aficionados ingleses est√° llegando por avi√≥n hasta Madrid. Este fin de semana Barajas va a batir su r√©cord de operaciones. Adem√°s de los vuelos charter y de los vuelos regulares, hay previstos m√°s de mil vuelos privados. Adolfo Uriquiero",neutral
"Tambi√©n me siento m√°s extrovertida, lo cual es extra√±o porque siempre me he considerado m√°s introvertida, pero aqu√≠ he estado haciendo m√°s amigos exponi√©ndome m√°s",alegr√≠a
El miedo a lo desconocido me hace evitar explorar nuevos lugares o probar cosas nuevas,miedo
Una vez tuve que pasar por alto el hedor nauseabundo del ba√±o,disgusto
Ô∏è campe√≥n de con gol,neutral
Me he estado sintiendo inquieto no del todo conectado a tierra,miedo
"Lamentable la p√©rdida, como tambi√©n lo han sido las ocasionadas por las guerras en Iraq, Siria otras latitudes",tristeza
"La tristeza me acompa√±a en cada paso que doy, record√°ndome lo que he perdido",tristeza
Constantemente me siento mentido y agraviado por ellos. Amo a esta gente hasta la muerte,ira
Siento que he clavado el matrimonio y las partes de la casa de mi vida y estoy feliz y contento como puedo estar en esos aspectos,alegr√≠a
"Encontr√© nuevos amigos. Voy a esforzarme m√°s para que se queden si decido que no quiero sentirme lastimado de nuevo simplemente pasar el √∫ltimo a√±o de escuela por mi cuenta, tendr√© que esforzarme m√°s para no hacerlo. Me importa lo que la gente piense de m√≠ como un solitario",tristeza
Tuve un gran desayuno que consist√≠a en mucho tocino,alegr√≠a
Luego me escap√© dej√°ndome all√≠ para sentirme tan desesperado,tristeza
La idea de fallar no cumplir con las expectativas me llena de miedo al fracaso,miedo
El olor a alimentos en descomposici√≥n me da mucho asco,disgusto
Que culero chafa el jersey ya medio equipo la trae rota hahahaha,neutral
me siento realmente devastado siento que no puedo respirar,tristeza
Me produjo asco la descomposici√≥n de los cuartos internos,disgusto
Siento que estoy realmente enojado,ira
Feliz d√≠a a todos los Jorges Jorginas,neutral
¬°No apareciste anoche en mi actuaci√≥n! ¬°Alg√∫n tipo de amigo eres!,ira
Estos hechos me produjeron un asco intenso,disgusto
"Cuando escucho ruidos extra√±os en casa, mi miedo se dispara no puedo dormir en toda la noche",miedo
¬øQu√© opinan? ¬øMejor gol de la temporada?,neutral
Hay muchas mujeres que no conocen ni siquiera cu√°l es la discriminaci√≥n salarial en la que pueden estar,neutral
Siento como si estoy viviendo el mundo de los opuestos donde un invierno fr√≠o largo es un signo de calentamiento global la libertad de expresi√≥n es s√≥lo libre mientras se practica en la c√°mara de eco de la correcci√≥n pol√≠tica y la u,ira
Lo siento m√°s cuando veo que no te molestas,ira
"Aqu√≠ tienes, gracias por todo",alegr√≠a
No quiero sonar engre√≠do o lleno de m√≠ mismo pero alhamdulillah hasta ahora no me siento preocupado por amamantar incluso despu√©s de empezar a trabajar,tristeza
"Sal√≠ me golpe√© bastante mentalmente, por supuesto, por no seguir mis instintos, pero de nuevo estaba indeciso porque nunca hab√≠a hecho esto antes esa fue la primera vez que me reun√≠ con un vendedor me sent√≠ bien con una propiedad en particular",miedo
La imagen que sus ojos me dieron fue la de un profundo asco,disgusto
"Me da miedo la soledad, el pensamiento de pasar la vida sin compa√±√≠a me produce una gran angustia",miedo
"Tristes ojos miraban al horizonte, buscando una chispa de alegr√≠a en medio de tanta tristeza",tristeza
"con terminar, en menos de mil noches, Las mil una noches. Cerr√≥ los ojos so√±√≥",neutral
No nos enga√±emos... eres una prostituta... para el,ira
"El movimiento MeToo es solo una extensi√≥n de los dem√≥cratas KKK amp; el grupo de odio Antifa, es solo otra forma de linchar a quienes se oponen a su agenda. La gente de MeToo se sube a los vagones de prohibici√≥n, en nombre de la justicia para perpetuar el acoso masivo de quienes amenazan con exponerlos",ira
He decidido que no voy a dejar que el sentimiento me desmotive y aqu√≠ estoy con todo mi entusiasmo y esta receta especial diwali,alegr√≠a
El p√°nico me invadi√≥ cuando me d√≠ cuenta de que hab√≠a perdido las llaves de mi casa,miedo
No me sent√≠a como si estuviera apoyando toda la conferencia pero como saqu√© la p√≥lvora del desag√ºe en uno de estos lavabos me pregunt√© si la gente que una vez m√°s vino a hacer el trabajo de la conferencia podr√≠a estar sintiendo cierta frustraci√≥n si no hac√≠an el trabajo nada se har√≠a,alegr√≠a
Al ver el material viscoso me produjo un profundo asco,disgusto
Es INDIGNANTE las im√°genes donde los tanques pasan por encima de las personas. Como pueden ser tan hijos de mil puta. üò•,ira
"El socialismo, una vez implementado, hist√≥ricamente ha tenido solo una medida efectiva de paro esa ha sido la guerra civil. Sabiendo que la fuerza razonamiento detr√°s del control de armas se vuelve claro. Puedes tener una idea clara de este proceso leyendo Reglas para radicales de Saul Alinsky",ira
